Model,Accuracy,Precision,Recall,F1-score,AUC
MLP,0.5490196078431373,0.35714285714285715,0.6666666666666666,0.46511627906976744,0.5203703703703704
RF,0.5102040816326531,0.37037037037037035,0.5882352941176471,0.45454545454545453,0.5128676470588236
