Agent,Temps_moyen_ms,Max,Min,Ecart_type
UIA,48.96153482605907,68.52278184508938,23.802548959102555,9.036161766446297
PLA,50.223045870499234,77.20169166589619,30.812287847009586,9.488886405106461
GAA,535.7787360348283,535.7787360348283,535.7787360348283,0.0
MLA,151.59085288163232,265.5819447196416,52.76197979792782,32.46250074499082
UPMA,50.99185794218582,71.89802933217672,28.76104275690193,8.910362614828296
DMA,49.692015815529146,80.78880808455239,26.98078835264415,10.514518471106461
